{
    "params": {
        "dfg": [25.13596985, 25.11822814, 25.09542133, 25.06245771, 25.02602765, 24.99637953, 24.98167255, 24.97530668, 24.98320726, 24.99718565, 25.01757247, 25.03832781, 25.05495585, 25.0670719, 25.07091411, 25.07094365, 25.07114324, 25.07533627, 25.08731018, 25.10313936, 25.12276204, 25.14239479, 25.15945633, 25.17392704, 25.17673767, 25.17037141, 25.15216254, 25.1311431, 25.10802335, 25.08548777, 25.06916675, 25.05848176, 25.05447313, 25.05154441, 25.04946059, 25.04717849, 25.04551656, 25.04467649, 25.0407292, 25.03285408, 25.0234883, 25.01659234, 25.01332136, 25.01123434, 25.01030015, 25.00936548, 25.00873964, 25.00842535, 25.00696466, 25.0040431, 25.00070998, 24.9984232, 24.99306332, 24.98352421, 24.97125103, 24.96038108, 24.94888721, 24.93531489, 24.92131927, 24.90898697, 24.89896514, 24.88958463, 24.8808387, 24.87210092, 24.86462026, 24.85839773, 24.85445838, 24.85155443, 24.85176601, 24.85408014, 24.85909624, 24.86474458, 24.87203486, 24.8803652, 24.88910669, 24.89721313, 24.90282604, 24.9065669, 24.9086508, 24.91093944, 24.91343079, 24.91592344, 24.92155351, 24.93031861, 24.94052812, 24.94904669, 24.95757123, 24.96781845, 24.98180093, 24.99782686, 25.01393183, 25.02809846, 25.04032575, 25.05256981, 25.06479701, 25.07704697],
        "dgt": [2.714526681131686, 2.705443819238505, 2.6947834587664494, 2.6841217449620203, 2.6681935771243177, 2.6521732021128046, 2.630396440815385, 2.602860350286428, 2.5696460593920065, 2.5364027376452056, 2.499446286796604, 2.4587748041127506, 2.414398437185221, 2.3699990328716107, 2.322373696229342, 2.271520771371253, 2.2174389328192197, 2.16337565384239, 2.1183028432496016, 2.082225099873648, 2.055100772005235, 2.0279625371819305, 2.0008103857988204, 1.9736443063300082, 1.9482128147680253, 1.9245345552113182, 1.9026104247588487, 1.8806927939516411, 1.862235672444246, 1.847275503201129, 1.835814081380705, 1.824381436842932, 1.8139629377087627, 1.8045606557581335, 1.7961751115773796, 1.7877868031023945, 1.7793941781790852, 1.7709972329654864, 1.7625959636196327, 1.7541903672600494, 1.7459181197626403, 1.737780757913635, 1.7297783508684146, 1.7217732861435076, 1.7137640932265894, 1.7057507692361864, 1.6918150918099673, 1.6719047669939942, 1.6460167077689267, 1.6201194134191075, 1.5986915141218316, 1.5817353179379183, 1.569199764184379, 1.5566577309558969, 1.545374152761467, 1.5353620432989845, 1.5266220576235803, 1.5178910621476225, 1.5097346239790443, 1.502153039909686, 1.495145456062699, 1.488134243479226, 1.48111939735681, 1.474100442252211, 1.4670307626366115, 1.4599103316162523, 1.45273959485914, 1.445565137158368, 1.4340878115214444, 1.418273806730323, 1.3981208704326855, 1.3779439775587023, 1.3598972673004606, 1.3439818461440451, 1.3301807335621048, 1.316383926863083, 1.3040618749785347, 1.2932153453410835, 1.2838336236692311, 1.2744470198196236, 1.2650555289898042, 1.2556591482982988, 1.2428104897182262, 1.2264996957264114, 1.2067249615595257, 1.1869318618366975, 1.1672278304018044, 1.1476135933863398, 1.1280891949729075, 1.108555289615659, 1.0895983485572227, 1.0712204022764056, 1.0534217504465226, 1.0356155337864215, 1.017807767853702, 1.0],
        "nf_fit_coeff": [0.000168241, 0.0469961, 0.0359549, 5.82851],
        "nf_ripple": [-0.315374332, -0.315374332, -0.3154009157100272, -0.3184914611751095, -0.32158358425400546, -0.3246772861549999, -0.32762368641496226, -0.3205413846123276, -0.31345546385118733, -0.3063659213569748, -0.29920267890990127, -0.27061972852631744, -0.24202215770774693, -0.21340995523361256, -0.18478227130158695, -0.14809761118389625, -0.11139416731807622, -0.07467192527357988, -0.038026748965679924, -0.019958469399422092, -0.0018809287980157928, 0.01620587996057356, 0.03430196400570967, 0.05240733047405406, 0.07052198650959736, 0.079578036683472, 0.08854664736190952, 0.0975198632319653, 0.10649768784154924, 0.0977413804499074, 0.08880343717266004, 0.07986089973284587, 0.0709137645874038, 0.06333589274056531, 0.055756212252058776, 0.04817263174786321, 0.04058514821716236, 0.03338159167571013, 0.026178308595650738, 0.018971315351761126, 0.011760609076833628, 0.01695029492275999, 0.02227499135770144, 0.02760243318910433, 0.03293262254079026, 0.038265561538776145, 0.04360125231127117, 0.03485699074348155, 0.025991055149117932, 0.017120541224980364, 0.008275758735920322, 0.0019423214065246042, -0.004394389017104359, -0.010734375072893196, -0.017077639301414434, -0.02467970289957285, -0.03229797040382168, -0.03992018009047725, -0.04753456632753024, -0.049234003141433724, -0.05093432003654719, -0.05263551769669225, -0.05433759680640246, -0.0560405580509193, -0.057718452237076875, -0.056840590379175944, -0.055962273198734966, -0.05508350034141658, -0.054204271452516814, -0.05839608872695511, -0.06262733016971533, -0.0668607690892037, -0.07090173625606945, -0.05209609730905224, -0.03328068412141294, -0.014455489070928059, 0.004315038757905716, 0.014839202394482527, 0.025368841662503576, 0.03590396083646565, 0.0464445641953214, 0.05699065602246746, 0.06754224060577406, 0.10002709623672751, 0.13258013095133617, 0.1651501336277331, 0.1977371175359939, 0.23194802687829724, 0.26618779883837107, 0.3004454365808535, 0.33472095409250663, 0.35929034770587287, 0.38384389188855605, 0.40841026111391787, 0.43298946543290784, 0.43298946543290784],
        "frequencies": []
    }
}
