{
    "nf_ripple": [
        0.0
    ],
    "gain_ripple": [
        0.0
    ],
    "f_min": 191.35e12,
    "f_max": 196.1e12,
    "dgt": [
        1.0,
        1.017807767853702,
        1.0356155337864215,
        1.0534217504465226,
        1.0712204022764056,
        1.0895983485572227,
        1.108555289615659,
        1.1280891949729075,
        1.1476135933863398,
        1.1672278304018044,
        1.1869318618366975,
        1.2067249615595257,
        1.2264996957264114,
        1.2428104897182262,
        1.2556591482982988,
        1.2650555289898042,
        1.2744470198196236,
        1.2838336236692311,
        1.2932153453410835,
        1.3040618749785347,
        1.316383926863083,
        1.3301807335621048,
        1.3439818461440451,
        1.3598972673004606,
        1.3779439775587023,
        1.3981208704326855,
        1.418273806730323,
        1.4340878115214444,
        1.445565137158368,
        1.45273959485914,
        1.4599103316162523,
        1.4670307626366115,
        1.474100442252211,
        1.48111939735681,
        1.488134243479226,
        1.495145456062699,
        1.502153039909686,
        1.5097346239790443,
        1.5178910621476225,
        1.5266220576235803,
        1.5353620432989845,
        1.545374152761467,
        1.5566577309558969,
        1.569199764184379,
        1.5817353179379183,
        1.5986915141218316,
        1.6201194134191075,
        1.6460167077689267,
        1.6719047669939942,
        1.6918150918099673,
        1.7057507692361864,
        1.7137640932265894,
        1.7217732861435076,
        1.7297783508684146,
        1.737780757913635,
        1.7459181197626403,
        1.7541903672600494,
        1.7625959636196327,
        1.7709972329654864,
        1.7793941781790852,
        1.7877868031023945,
        1.7961751115773796,
        1.8045606557581335,
        1.8139629377087627,
        1.824381436842932,
        1.835814081380705,
        1.847275503201129,
        1.862235672444246,
        1.8806927939516411,
        1.9026104247588487,
        1.9245345552113182,
        1.9482128147680253,
        1.9736443063300082,
        2.0008103857988204,
        2.0279625371819305,
        2.055100772005235,
        2.082225099873648,
        2.1183028432496016,
        2.16337565384239,
        2.2174389328192197,
        2.271520771371253,
        2.322373696229342,
        2.3699990328716107,
        2.414398437185221,
        2.4587748041127506,
        2.499446286796604,
        2.5364027376452056,
        2.5696460593920065,
        2.602860350286428,
        2.630396440815385,
        2.6521732021128046,
        2.6681935771243177,
        2.6841217449620203,
        2.6947834587664494,
        2.705443819238505,
        2.714526681131686
    ]
}
