{
    "nf_fit_coeff": [
        0.0008,
        0.0272,
        -0.2249,
        6.4902
    ],
    "f_min": 191.4e12,
    "f_max": 196.1e12,
    "nf_ripple": [
        0.0,
        0.0,
        0.0,
        0.0,
        0.0,
        0.0,
        0.0,
        0.0,
        0.0,
        0.0,
        0.0,
        0.0,
        0.0,
        0.0,
        0.0,
        0.0,
        0.0,
        0.0,
        0.0,
        0.0,
        0.0,
        0.0,
        0.0,
        0.0,
        0.0,
        0.0,
        0.0,
        0.0,
        0.0,
        0.0,
        0.0,
        0.0,
        0.0,
        0.0,
        0.0,
        0.0,
        0.0,
        0.0,
        0.0,
        0.0,
        0.0,
        0.0,
        0.0,
        0.0,
        0.0,
        0.0,
        0.0,
        0.0
    ],
    "gain_ripple": [
        -0.15656302345061,
        -0.22244242043552,
        -0.25188965661642,
        -0.23575900335007,
        -0.20897508375209,
        -0.19440221943049,
        -0.18324644053602,
        -0.18053287269681,
        -0.17113588777219,
        -0.15460322445561,
        -0.13550774706866,
        -0.10606051088777,
        -0.0765630234506,
        -0.04962835008375,
        -0.01319618927973,
        0.01027114740367,
        0.03378873534338,
        0.04961788107202,
        0.04494451423784,
        0.0399193886097,
        0.01584903685091,
        -0.00420121440538,
        -0.01847257118928,
        -0.02475397822447,
        -0.01053287269681,
        0.01509526800668,
        0.05921587102177,
        0.1191656197655,
        0.18147717755444,
        0.23579878559464,
        0.26941687604691,
        0.27836159966498,
        0.26956762981574,
        0.23826109715241,
        0.18936662479061,
        0.1204721524288,
        0.0453465242881,
        -0.00877407872698,
        -0.02199015912898,
        0.00107516750419,
        0.02795958961474,
        0.02740682579566,
        -0.01028161641541,
        -0.05982935510889,
        -0.06701528475711,
        0.00223094639866,
        0.14157768006701,
        0.15017064489112
    ],
    "dgt": [
        1.0,
        1.03941448941778,
        1.07773189112355,
        1.11575888725852,
        1.15209185089701,
        1.18632744096844,
        1.21911100318577,
        1.24931318255134,
        1.27657903892303,
        1.30069883494415,
        1.32210817897091,
        1.3405812000038,
        1.35690844654118,
        1.3710092503689,
        1.38430337205545,
        1.3966294751726,
        1.40864903907609,
        1.42089447397912,
        1.43476940680732,
        1.44977369463316,
        1.46637521309853,
        1.48420288841848,
        1.50335352244996,
        1.5242627235492,
        1.54578500307573,
        1.56750088631614,
        1.58973304612691,
        1.61073904908309,
        1.63068023161292,
        1.64799163036252,
        1.66286684904577,
        1.6761448370895,
        1.68845480656382,
        1.70379790088896,
        1.72461030013125,
        1.75428006928365,
        1.79748596476494,
        1.85543800978691,
        1.92915262384742,
        2.01414465424155,
        2.10336369905543,
        2.19013043016015,
        2.26678136721453,
        2.33147727493671,
        2.38192717604575,
        2.41879254989742,
        2.44342862248888,
        2.4553191172498
    ]
}
