{
    "nf_fit_coeff": [
        0.000168241,
        0.0469961,
        0.0359549,
        5.82851
    ],
    "f_min": 191.35e12,
    "f_max": 196.1e12,
    "nf_ripple": [
        0.4372876328262819,
        0.4372876328262819,
        0.41270842850729195,
        0.38814205928193013,
        0.36358851509924695,
        0.3390191214858807,
        0.30474360397422756,
        0.27048596623174515,
        0.23624619427167134,
        0.202035284929368,
        0.1694483010211072,
        0.13687829834471027,
        0.1043252636301016,
        0.07184040799914815,
        0.061288823415841555,
        0.050742731588695494,
        0.04020212822983975,
        0.029667009055877668,
        0.01913736978785662,
        0.00861320615127981,
        -0.010157321677553965,
        -0.028982516728038848,
        -0.04779792991567815,
        -0.06660356886269536,
        -0.06256260169582961,
        -0.05832916277634124,
        -0.05409792133358102,
        -0.04990610405914272,
        -0.05078533294804249,
        -0.05166410580536087,
        -0.05254242298580185,
        -0.05342028484370278,
        -0.051742390657545205,
        -0.050039429413028365,
        -0.048337350303318156,
        -0.04663615264317309,
        -0.04493583574805963,
        -0.043236398934156144,
        -0.035622012697103154,
        -0.027999803010447587,
        -0.02038153550619876,
        -0.012779471908040341,
        -0.006436207679519103,
        -9.622162373026585e-05,
        0.006240488799898697,
        0.012573926129294415,
        0.021418708618354456,
        0.030289222542492025,
        0.03915515813685565,
        0.047899419704645264,
        0.04256372893215024,
        0.03723078993416436,
        0.03190060058247842,
        0.02657315875107553,
        0.021248462316134083,
        0.01605877647020772,
        0.02326948274513522,
        0.03047647598902483,
        0.037679759069084225,
        0.044883315610536455,
        0.052470799141237305,
        0.06005437964543287,
        0.0676340601339394,
        0.07521193198077789,
        0.08415906712621996,
        0.09310160456603413,
        0.1020395478432815,
        0.11079585523492333,
        0.1018180306253394,
        0.09284481475528361,
        0.0838762040768461,
        0.07482015390297145,
        0.05670549786742816,
        0.03860013139908377,
        0.020504047353947653,
        0.0024172385953583004,
        -0.015660302006048,
        -0.03372858157230583,
        -0.07037375788020579,
        -0.10709599992470213,
        -0.14379944379052215,
        -0.18048410390821285,
        -0.20911178784023846,
        -0.23772399031437283,
        -0.26632156113294336,
        -0.2949045115165272,
        -0.30206775396360075,
        -0.30915729645781326,
        -0.31624321721895354,
        -0.3233255190215882,
        -0.32037911876162584,
        -0.3172854168606314,
        -0.31419329378173544,
        -0.31110274831665313,
        -0.3110761646066259,
        -0.3110761646066259
    ],
    "dgt": [
        1.0,
        1.017807767853702,
        1.0356155337864215,
        1.0534217504465226,
        1.0712204022764056,
        1.0895983485572227,
        1.108555289615659,
        1.1280891949729075,
        1.1476135933863398,
        1.1672278304018044,
        1.1869318618366975,
        1.2067249615595257,
        1.2264996957264114,
        1.2428104897182262,
        1.2556591482982988,
        1.2650555289898042,
        1.2744470198196236,
        1.2838336236692311,
        1.2932153453410835,
        1.3040618749785347,
        1.316383926863083,
        1.3301807335621048,
        1.3439818461440451,
        1.3598972673004606,
        1.3779439775587023,
        1.3981208704326855,
        1.418273806730323,
        1.4340878115214444,
        1.445565137158368,
        1.45273959485914,
        1.4599103316162523,
        1.4670307626366115,
        1.474100442252211,
        1.48111939735681,
        1.488134243479226,
        1.495145456062699,
        1.502153039909686,
        1.5097346239790443,
        1.5178910621476225,
        1.5266220576235803,
        1.5353620432989845,
        1.545374152761467,
        1.5566577309558969,
        1.569199764184379,
        1.5817353179379183,
        1.5986915141218316,
        1.6201194134191075,
        1.6460167077689267,
        1.6719047669939942,
        1.6918150918099673,
        1.7057507692361864,
        1.7137640932265894,
        1.7217732861435076,
        1.7297783508684146,
        1.737780757913635,
        1.7459181197626403,
        1.7541903672600494,
        1.7625959636196327,
        1.7709972329654864,
        1.7793941781790852,
        1.7877868031023945,
        1.7961751115773796,
        1.8045606557581335,
        1.8139629377087627,
        1.824381436842932,
        1.835814081380705,
        1.847275503201129,
        1.862235672444246,
        1.8806927939516411,
        1.9026104247588487,
        1.9245345552113182,
        1.9482128147680253,
        1.9736443063300082,
        2.0008103857988204,
        2.0279625371819305,
        2.055100772005235,
        2.082225099873648,
        2.1183028432496016,
        2.16337565384239,
        2.2174389328192197,
        2.271520771371253,
        2.322373696229342,
        2.3699990328716107,
        2.414398437185221,
        2.4587748041127506,
        2.499446286796604,
        2.5364027376452056,
        2.5696460593920065,
        2.602860350286428,
        2.630396440815385,
        2.6521732021128046,
        2.6681935771243177,
        2.6841217449620203,
        2.6947834587664494,
        2.705443819238505,
        2.714526681131686
    ],